{
  "asOfDate": "2025-09-30",
  "periods": [
    "FY 2022",
    "FY 2023",
    "FY 2024",
    "9M 2024",
    "9M 2025",
    "Q3 2024",
    "Q3 2025"
  ],
  "ltm": {
    "revenue": 4867.0,
    "ebitda": 371.1,
    "interestCorp": 449.6,
    "netLoss": -640.6
  },
  "incomeStatement": {
    "periods": [
      "FY 2022",
      "FY 2023",
      "FY 2024",
      "9M 2024",
      "9M 2025",
      "Q3 2024",
      "Q3 2025"
    ],
    "admissions": [
      2201.4,
      2690.5,
      2560.5,
      1839.1,
      1951.2,
      744.2,
      715.1
    ],
    "fnb": [
      1313.7,
      1669.8,
      1624.9,
      1178.7,
      1234.8,
      490.4,
      451.8
    ],
    "other": [
      396.3,
      452.3,
      451.8,
      313.0,
      374.6,
      114.2,
      133.3
    ],
    "revenue": [
      3911.4,
      4812.6,
      4637.2,
      3330.8,
      3560.6,
      1348.8,
      1300.2
    ],
    "filmCost": [
      1051.7,
      1291.1,
      1239.2,
      893.0,
      949.3,
      381.4,
      352.4
    ],
    "fnbCost": [
      228.6,
      315.3,
      305.6,
      222.6,
      241.9,
      89.7,
      88.6
    ],
    "opex": [
      1528.4,
      1691.5,
      1679.4,
      1237.9,
      1316.3,
      454.6,
      464.7
    ],
    "rent": [
      886.2,
      873.5,
      873.6,
      659.3,
      664.8,
      216.4,
      224.1
    ],
    "gaMa": [
      2.1,
      1.7,
      0.1,
      0.1,
      3.2,
      0.1,
      0.1
    ],
    "gaOther": [
      207.6,
      241.9,
      226.8,
      160.7,
      169.3,
      54.0,
      55.1
    ],
    "da": [
      396.0,
      365.0,
      319.5,
      241.2,
      233.3,
      80.8,
      79.4
    ],
    "impairment": [
      133.1,
      106.9,
      72.3,
      0.0,
      0.0,
      0.0,
      0.0
    ],
    "ebitda": [
      6.8,
      397.6,
      312.5,
      157.2,
      215.8,
      152.6,
      115.2
    ],
    "ebitdaMargin": [
      0.00174,
      0.08262,
      0.06739,
      0.0472,
      0.06061,
      0.11314,
      0.0886
    ],
    "otherExpense": [
      55.2,
      -76.8,
      -156.2,
      -173.8,
      103.9,
      -22.8,
      194.8
    ],
    "interestCorp": [
      336.4,
      369.6,
      401.8,
      289.8,
      337.6,
      109.6,
      119.0
    ],
    "interestLease": [
      4.1,
      3.7,
      5.4,
      2.5,
      4.3,
      1.0,
      1.7
    ],
    "ncm": [
      38.2,
      37.9,
      36.5,
      27.5,
      46.1,
      9.0,
      18.6
    ],
    "investmentIncome": [
      14.9,
      -15.5,
      -16.3,
      -14.4,
      -8.4,
      -3.2,
      -1.3
    ],
    "netLoss": [
      -973.6,
      -396.6,
      -352.6,
      -217.0,
      -505.0,
      -20.7,
      -298.2
    ],
    "eps": [
      -9.29,
      -2.37,
      -1.06,
      -0.69,
      -1.1,
      -0.06,
      -0.58
    ],
    "sharesOutstanding": [
      104769,
      167644,
      332920,
      315783,
      459375,
      361853,
      513010
    ]
  },
  "balanceSheet": {
    "periods": [
      "Dec 31, 2023",
      "Dec 31, 2024",
      "Sep 30, 2025"
    ],
    "cash": [
      884.3,
      632.3,
      365.8
    ],
    "restrictedCash": [
      27.1,
      48.5,
      51.1
    ],
    "receivables": [
      203.7,
      168.1,
      102.3
    ],
    "otherCurrent": [
      88.0,
      98.3,
      99.8
    ],
    "totalCurrentAssets": [
      1203.1,
      947.2,
      619.0
    ],
    "propertyNet": [
      1560.4,
      1442.3,
      1410.8
    ],
    "rouAssets": [
      3544.5,
      3220.1,
      3230.9
    ],
    "intangibles": [
      146.7,
      144.3,
      147.6
    ],
    "goodwill": [
      2358.7,
      2301.1,
      2400.0
    ],
    "otherLongTerm": [
      195.8,
      192.5,
      212.4
    ],
    "totalAssets": [
      9009.2,
      8247.5,
      8020.7
    ],
    "accountsPayable": [
      320.5,
      378.3,
      279.1
    ],
    "accruedExpenses": [
      350.8,
      340.6,
      334.9
    ],
    "deferredRevenue": [
      421.8,
      432.4,
      411.5
    ],
    "currentDebt": [
      25.1,
      64.2,
      19.9
    ],
    "currentFinanceLease": [
      5.4,
      4.4,
      5.5
    ],
    "currentOpLease": [
      508.8,
      524.9,
      552.5
    ],
    "totalCurrentLiabilities": [
      1632.4,
      1744.8,
      1603.4
    ],
    "corporateBorrowings": [
      4552.3,
      4010.9,
      3990.1
    ],
    "financeLease": [
      50.0,
      44.9,
      47.4
    ],
    "opLease": [
      4000.7,
      3627.6,
      3581.5
    ],
    "exhibitorAgreement": [
      486.6,
      464.0,
      460.5
    ],
    "otherLongTermLiab": [
      135.1,
      115.8,
      115.3
    ],
    "totalLiabilities": [
      10857.1,
      10008.0,
      9798.2
    ],
    "accumulatedDeficit": [
      -7994.2,
      -8346.8,
      -8851.8
    ],
    "stockholdersDeficit": [
      -1847.9,
      -1760.5,
      -1777.5
    ],
    "totalDebt": [
      4577.4,
      4075.1,
      4010.0
    ],
    "netDebt": [
      3693.1,
      3442.8,
      3644.2
    ]
  },
  "cashFlow": {
    "periods": [
      "FY 2022",
      "FY 2023",
      "FY 2024",
      "9M 2024",
      "9M 2025"
    ],
    "netLoss": [
      -973.6,
      -396.6,
      -352.6,
      -217.0,
      -505.0
    ],
    "da": [
      396.0,
      365.0,
      319.5,
      241.2,
      233.3
    ],
    "debtExtinguishment": [
      92.8,
      -142.8,
      -38.9,
      -40.3,
      196.0
    ],
    "pikInterest": [
      0.0,
      0.0,
      14.7,
      0.0,
      28.7
    ],
    "impairment": [
      133.1,
      106.9,
      72.3,
      0.0,
      0.0
    ],
    "cfOperating": [
      -628.5,
      -215.2,
      -50.8,
      -254.4,
      -246.5
    ],
    "capex": [
      -202.0,
      -225.6,
      -245.5,
      -155.8,
      -162.7
    ],
    "cfInvesting": [
      -224.0,
      -180.1,
      -242.9,
      -154.0,
      -163.9
    ],
    "equityIssuances": [
      220.4,
      832.7,
      254.9,
      243.0,
      169.6
    ],
    "debtProceeds": [
      1318.0,
      0.0,
      27.0,
      27.0,
      244.4
    ],
    "debtRepayments": [
      -1509.5,
      -161.6,
      -160.1,
      -138.2,
      -234.5
    ],
    "cfFinancing": [
      -91.3,
      649.3,
      68.4,
      72.1,
      134.3
    ],
    "netCashChange": [
      -965.9,
      257.0,
      -230.6,
      -334.3,
      -263.9
    ],
    "endingCash": [
      654.4,
      911.4,
      680.8,
      577.1,
      416.9
    ]
  }
}